ma_san_pham,ten_san_pham,url_san_pham,so_url_anh_phat_hien,so_anh_tai_thanh_cong,so_anh_trung,so_anh_loi,trang_thai_truy_cap,http_status,ghi_chu
san_pham_0001,Hộp quà Chả Bò thượng hạng,https://hathyo.com/product/113,4,4,0,0,da_tai,200,nguon_phat_hien=sitemap
san_pham_0002,Chả Bò Tai Ớt Xanh,https://hathyo.com/product/114,4,4,0,0,da_tai,200,nguon_phat_hien=sitemap
san_pham_0003,Chả Bò Thượng Hạng,https://hathyo.com/product/115,4,4,0,0,da_tai,200,nguon_phat_hien=sitemap
san_pham_0004,Chả Mộc Cua,https://hathyo.com/product/117,4,4,0,0,da_tai,200,nguon_phat_hien=sitemap
san_pham_0005,Chả Bò Viên,https://hathyo.com/product/118,3,3,0,0,da_tai,200,nguon_phat_hien=sitemap
san_pham_0006,Chả Lụa,https://hathyo.com/product/119,6,6,0,0,da_tai,200,nguon_phat_hien=sitemap
san_pham_0007,Nước rửa rau củ quả Happy Green,https://hathyo.com/product/129,9,9,0,0,da_tai,200,nguon_phat_hien=sitemap
san_pham_0008,Nước súc miệng Happy Gums,https://hathyo.com/product/130,5,5,0,0,da_tai,200,nguon_phat_hien=sitemap
san_pham_0009,Nước xịt thơm phòng EGS360,https://hathyo.com/product/131,5,5,0,0,da_tai,200,nguon_phat_hien=sitemap
san_pham_0010,Xà bông nước MBS 360,https://hathyo.com/product/132,8,8,0,0,da_tai,200,nguon_phat_hien=sitemap
san_pham_0011,Kem Đánh Răng Happy Gums,https://hathyo.com/product/134,3,3,0,0,da_tai,200,nguon_phat_hien=sitemap
san_pham_0012,Nước tẩy rửa bồn cầu tự động My Happy Tank chai 350ml,https://hathyo.com/product/136,9,9,0,0,da_tai,200,nguon_phat_hien=sitemap
san_pham_0013,DẦU GỘI BỒ KẾT VỎ BƯỞI - TRẦN LAN,https://hathyo.com/product/137,6,6,0,0,da_tai,200,nguon_phat_hien=sitemap
san_pham_0014,GỪNG MỘC THẺ - VỊ TRUYỀN THỐNG,https://hathyo.com/product/140,3,3,0,0,da_tai,200,nguon_phat_hien=sitemap
san_pham_0015,MỲ SỢI KHÔ RAU CỦ - TRẦN LAN,https://hathyo.com/product/141,6,6,0,0,da_tai,200,nguon_phat_hien=sitemap
san_pham_0016,NGŨ CỐC ĂN LIỀN- GRANOLA,https://hathyo.com/product/142,5,5,0,0,da_tai,200,nguon_phat_hien=sitemap
san_pham_0017,NGŨ CỐC CAO CẤP TRẦN LAN - 100% THIÊN NHIÊN,https://hathyo.com/product/143,6,6,0,0,da_tai,200,nguon_phat_hien=sitemap
san_pham_0018,🌿 TINH BỘT NGHỆ VÀNG NGUYÊN CHẤT – TRẦN LAN,https://hathyo.com/product/144,5,5,0,0,da_tai,200,nguon_phat_hien=sitemap
san_pham_0019,TRÀ GẠO LỨT THẢO MỘC - TRẦN LAN,https://hathyo.com/product/145,6,6,0,0,da_tai,200,nguon_phat_hien=sitemap
san_pham_0020,🍃 TRÀ LÁ ỔI THẢO MỘC TÚI LỌC - TRẦN LAN,https://hathyo.com/product/146,3,3,0,0,da_tai,200,nguon_phat_hien=sitemap
san_pham_0021,TRÀ LÁ SEN - TRẦN LAN,https://hathyo.com/product/147,4,4,0,0,da_tai,200,nguon_phat_hien=sitemap
san_pham_0022,🌿 BỘT TÍA TÔ SẤY LẠNH NGUYÊN CHẤT,https://hathyo.com/product/148,7,7,0,0,da_tai,200,nguon_phat_hien=sitemap
san_pham_0023,TRÀ TÍA TÔ - TRẦN LAN,https://hathyo.com/product/149,3,3,0,0,da_tai,200,nguon_phat_hien=sitemap
san_pham_0024,BỘT GỪNG SẤY LẠNH,https://hathyo.com/product/150,5,5,0,0,da_tai,200,nguon_phat_hien=sitemap
san_pham_0025,🌿 BỘT MÈ ĐEN – ĐẬU ĐEN XANH LÒNG,https://hathyo.com/product/151,2,2,0,0,da_tai,200,nguon_phat_hien=sitemap
san_pham_0026,BỘT SẮN DÂY - TRẦN LAN,https://hathyo.com/product/152,2,2,0,0,da_tai,200,nguon_phat_hien=sitemap
san_pham_0027,🌸 BỘT SEN QUÊ DINH DƯỠNG,https://hathyo.com/product/153,5,5,0,0,da_tai,200,nguon_phat_hien=sitemap
san_pham_0028,🌾 BÁNH CỐM GẠO LỨT MÈ QUÊ – GIÒN THƠM TỰ NHIÊN,https://hathyo.com/product/155,6,5,1,0,da_tai,200,nguon_phat_hien=sitemap
san_pham_0029,🌾 BÁNH CỐM DINH DƯỠNG MIX HẠT - TRẦN LAN,https://hathyo.com/product/156,4,4,0,0,da_tai,200,nguon_phat_hien=sitemap
san_pham_0030,🌿 RONG BIỂN MIX HẠT DINH DƯỠNG - TRẦN LAN,https://hathyo.com/product/157,4,4,0,0,da_tai,200,nguon_phat_hien=sitemap
san_pham_0031,🥜 BÁNH THUYỀN MIX HẠT DINH DƯỠNG – GIÒN NGON KHÓ CƯỠNG,https://hathyo.com/product/158,3,3,0,0,da_tai,200,nguon_phat_hien=sitemap
san_pham_0032,🌿 BỘT RAU DIẾP CÁ SẤY LẠNH NGUYÊN CHẤT - TRẦN LAN,https://hathyo.com/product/159,4,4,0,0,da_tai,200,nguon_phat_hien=sitemap
san_pham_0033,VIÊN UỐNG GIẢI RƯỢU DEAL 101 - NHẬP KHẨU TỪ MỸ,https://hathyo.com/product/160,7,7,0,0,da_tai,200,nguon_phat_hien=sitemap
san_pham_0034,Cà Phê ARABICA Đặc sản - 100% ARABICA nguyên chất,https://hathyo.com/product/162,1,1,0,0,da_tai,200,nguon_phat_hien=sitemap
san_pham_0035,Cà Phê LIBERICA Đặc sản - 100% LIBERICA nguyên chất,https://hathyo.com/product/163,1,1,0,0,da_tai,200,nguon_phat_hien=sitemap
san_pham_0036,Cà phê ARIEU phin giấy - ARIEU Coffee drip bag,https://hathyo.com/product/164,2,2,0,0,da_tai,200,nguon_phat_hien=sitemap
san_pham_0037,Cà phê NRANG phin giấy - NRANG Coffee drip bag,https://hathyo.com/product/165,3,2,1,0,da_tai,200,nguon_phat_hien=sitemap
san_pham_0038,Cà phê SARY phin giấy - SARY Coffee drip bag,https://hathyo.com/product/166,4,3,1,0,da_tai,200,nguon_phat_hien=sitemap
san_pham_0039,Cà phê Ủ lạnh B'RULE ARIEU - Cold brew B'RULE Coffee,https://hathyo.com/product/167,3,3,0,0,da_tai,200,nguon_phat_hien=sitemap
san_pham_0040,Cà phê Ủ lạnh B'RULE NRANG - Cold brew B'RULE Coffee,https://hathyo.com/product/168,3,2,1,0,da_tai,200,nguon_phat_hien=sitemap
san_pham_0041,Cà phê SARY - SARY Coffee,https://hathyo.com/product/169,2,2,0,0,da_tai,200,nguon_phat_hien=sitemap
san_pham_0042,Cà phê LEE - LEE Coffee,https://hathyo.com/product/170,2,2,0,0,da_tai,200,nguon_phat_hien=sitemap
san_pham_0043,Cà phê ROBUSTA - ROBUSTA Coffee,https://hathyo.com/product/171,2,2,0,0,da_tai,200,nguon_phat_hien=sitemap
san_pham_0044,TRÀ VỎ CÀ PHÊ ĐẶC SẢN B’RU CASCARA,https://hathyo.com/product/172,1,1,0,0,da_tai,200,nguon_phat_hien=sitemap
san_pham_0045,Sữa hạt đa dưỡng chất Forganic – Trọn vẹn mỗi ngày,https://hathyo.com/product/185,9,9,0,0,da_tai,200,nguon_phat_hien=sitemap
san_pham_0046,Sữa hạt Forganic bữa ăn thay thế – Dinh dưỡng tiện lợi,https://hathyo.com/product/186,9,9,0,0,da_tai,200,nguon_phat_hien=sitemap
san_pham_0047,Ngũ cốc dinh dưỡng mẹ thỏ,https://hathyo.com/product/189,4,4,0,0,da_tai,200,nguon_phat_hien=sitemap
san_pham_0048,Bột đậu xanh rau má,https://hathyo.com/product/190,6,6,0,0,da_tai,200,nguon_phat_hien=sitemap
san_pham_0049,Bột chuối xanh,https://hathyo.com/product/191,5,5,0,0,da_tai,200,nguon_phat_hien=sitemap
san_pham_0050,Bột gừng,https://hathyo.com/product/192,2,2,0,0,da_tai,200,nguon_phat_hien=sitemap
san_pham_0051,Mì sợi rau củ,https://hathyo.com/product/193,5,5,0,0,da_tai,200,nguon_phat_hien=sitemap
san_pham_0052,Bánh hạt dinh dưỡng,https://hathyo.com/product/194,6,6,0,0,da_tai,200,nguon_phat_hien=sitemap
san_pham_0053,Chuối sấy dẻo nguyên quả,https://hathyo.com/product/195,2,2,0,0,da_tai,200,nguon_phat_hien=sitemap
san_pham_0054,Chuối sấy dẻo mix hạt,https://hathyo.com/product/196,1,1,0,0,da_tai,200,nguon_phat_hien=sitemap
san_pham_0055,Chuối sấy dẻo cắt lát,https://hathyo.com/product/197,1,1,0,0,da_tai,200,nguon_phat_hien=sitemap
san_pham_0056,Mũi khoan BK8,https://hathyo.com/product/210,8,8,0,0,da_tai,200,nguon_phat_hien=sitemap
san_pham_0057,Rượu nếp - Can 5L,https://hathyo.com/product/212,3,3,0,0,da_tai,200,nguon_phat_hien=sitemap
san_pham_0058,Rượu Gạo - Can 5l,https://hathyo.com/product/213,2,2,0,0,da_tai,200,nguon_phat_hien=sitemap
san_pham_0059,Rượu Sâm Cau,https://hathyo.com/product/214,4,3,1,0,da_tai,200,nguon_phat_hien=sitemap
san_pham_0060,Rượu Sim,https://hathyo.com/product/215,5,4,1,0,da_tai,200,nguon_phat_hien=sitemap
san_pham_0061,Rượu Ngủ Quả,https://hathyo.com/product/216,3,2,1,0,da_tai,200,nguon_phat_hien=sitemap
san_pham_0062,KEM DƯỠNG ẨM VÀ BẢO VỆ DA CHO BÉ TinyDerm - 30 g,https://hathyo.com/product/217,5,5,0,0,da_tai,200,nguon_phat_hien=sitemap
san_pham_0063,TinyDerm – Kem Phục Hồi Da Bé Dị Ứng Đạm Sữa Bò Nặng | Prebiotics + Postbiotics Nhật Bản Giúp Da Khỏe Từ Gốc,https://hathyo.com/product/218,9,8,1,0,da_tai,200,nguon_phat_hien=sitemap
san_pham_0064,Viên uống tăng cường sức khỏe Growell,https://hathyo.com/product/219,2,2,0,0,da_tai,200,nguon_phat_hien=sitemap
san_pham_0065,Viên uống trắng da - mờ nám Xavia Skin,https://hathyo.com/product/220,3,3,0,0,da_tai,200,nguon_phat_hien=sitemap
san_pham_0066,Mì rau củ cầu vòng,https://hathyo.com/product/225,2,2,0,0,da_tai,200,nguon_phat_hien=sitemap
san_pham_0067,Mì trứng vàng,https://hathyo.com/product/226,2,1,1,0,da_tai,200,nguon_phat_hien=sitemap
san_pham_0068,Gừng thẻ vị nguyên bản,https://hathyo.com/product/227,2,1,1,0,da_tai,200,nguon_phat_hien=sitemap
san_pham_0069,Cao chè vằng,https://hathyo.com/product/2275,4,4,0,0,da_tai,200,nguon_phat_hien=sitemap
san_pham_0070,Cao cà gai leo,https://hathyo.com/product/2276,4,1,3,0,da_tai,200,nguon_phat_hien=sitemap
san_pham_0071,Cao an xoa,https://hathyo.com/product/2277,4,1,3,0,da_tai,200,nguon_phat_hien=sitemap
san_pham_0072,Cao dây thìa canh,https://hathyo.com/product/2279,4,1,3,0,da_tai,200,nguon_phat_hien=sitemap
san_pham_0073,Bột sắn dây,https://hathyo.com/product/228,2,1,1,0,da_tai,200,nguon_phat_hien=sitemap
san_pham_0074,Cao hà thủ ô,https://hathyo.com/product/2280,4,1,3,0,da_tai,200,nguon_phat_hien=sitemap
san_pham_0075,Cao lạc tiên,https://hathyo.com/product/2281,4,1,3,0,da_tai,200,nguon_phat_hien=sitemap
san_pham_0076,Cao xạ đen,https://hathyo.com/product/2283,4,1,3,0,da_tai,200,nguon_phat_hien=sitemap
san_pham_0077,Cao cà gai leo linh chi hoà tan,https://hathyo.com/product/2284,4,1,3,0,da_tai,200,nguon_phat_hien=sitemap
san_pham_0078,Cao chè vằng linh chi hoà tan,https://hathyo.com/product/2285,4,1,3,0,da_tai,200,nguon_phat_hien=sitemap
san_pham_0079,Cao cà gai leo linh chi,https://hathyo.com/product/2286,4,0,4,0,da_tai,200,nguon_phat_hien=sitemap
san_pham_0080,Cao chè vằng hoà tan linh chi,https://hathyo.com/product/2287,4,1,3,0,da_tai,200,nguon_phat_hien=sitemap
san_pham_0081,Trà tía tô gừng,https://hathyo.com/product/2288,4,1,3,0,da_tai,200,nguon_phat_hien=sitemap
san_pham_0082,Trà cà gai leo linh chi,https://hathyo.com/product/2289,4,1,3,0,da_tai,200,nguon_phat_hien=sitemap
san_pham_0083,Bột ngũ cốc gia đình,https://hathyo.com/product/229,1,1,0,0,da_tai,200,nguon_phat_hien=sitemap
san_pham_0084,Trà dây thìa canh,https://hathyo.com/product/2290,4,0,4,0,da_tai,200,nguon_phat_hien=sitemap
san_pham_0085,Trà lạc tiên linh chi,https://hathyo.com/product/2291,4,1,3,0,da_tai,200,nguon_phat_hien=sitemap
san_pham_0086,Trà chè dây,https://hathyo.com/product/2292,4,1,3,0,da_tai,200,nguon_phat_hien=sitemap
san_pham_0087,Trà xạ đen,https://hathyo.com/product/2297,4,1,3,0,da_tai,200,nguon_phat_hien=sitemap
san_pham_0088,Trà lá vằng,https://hathyo.com/product/2298,4,1,3,0,da_tai,200,nguon_phat_hien=sitemap
san_pham_0089,Tinh bột nghệ,https://hathyo.com/product/2299,4,1,3,0,da_tai,200,nguon_phat_hien=sitemap
san_pham_0090,Mầm ngũ cốc rau củ,https://hathyo.com/product/230,2,1,1,0,da_tai,200,nguon_phat_hien=sitemap
san_pham_0091,Bột sắn dây,https://hathyo.com/product/2300,5,2,3,0,da_tai,200,nguon_phat_hien=sitemap
san_pham_0092,Trà cà gai leo đinh lăng,https://hathyo.com/product/2301,4,1,3,0,da_tai,200,nguon_phat_hien=sitemap
san_pham_0093,Cao hoa nở ngày đất,https://hathyo.com/product/2302,4,1,3,0,da_tai,200,nguon_phat_hien=sitemap
san_pham_0094,Trà búp ổi non,https://hathyo.com/product/2303,4,1,3,0,da_tai,200,nguon_phat_hien=sitemap
san_pham_0095,Cao đinh lăng,https://hathyo.com/product/2304,4,1,3,0,da_tai,200,nguon_phat_hien=sitemap
san_pham_0096,Trà sâm nữ hoàng,https://hathyo.com/product/2305,1,1,0,0,da_tai,200,nguon_phat_hien=sitemap
san_pham_0097,Trà Sâm nữ hoàng cao cấp,https://hathyo.com/product/2306,2,2,0,0,da_tai,200,nguon_phat_hien=sitemap
san_pham_0098,Cao Sâm Nữ Hoàng,https://hathyo.com/product/2307,2,2,0,0,da_tai,200,nguon_phat_hien=sitemap
san_pham_0099,Kem dưỡng sáng da Melas Clear,https://hathyo.com/product/2308,2,2,0,0,da_tai,200,nguon_phat_hien=sitemap
san_pham_0100,Kem chống nắng Shield Sunscreen,https://hathyo.com/product/2309,2,2,0,0,da_tai,200,nguon_phat_hien=sitemap
san_pham_0101,Muối mè đen đường hoa dừa,https://hathyo.com/product/231,2,1,1,0,da_tai,200,nguon_phat_hien=sitemap
san_pham_0102,Kẹo Sâm Nữ Hoàng,https://hathyo.com/product/2310,1,1,0,0,da_tai,200,nguon_phat_hien=sitemap
san_pham_0103,Tivi thông minh HXY H43B650FC UHD,https://hathyo.com/product/2311,2,2,0,0,da_tai,200,nguon_phat_hien=sitemap
san_pham_0104,Tivi thông minh HXY H43B650FA FHD Android14,https://hathyo.com/product/2312,1,1,0,0,da_tai,200,nguon_phat_hien=sitemap
san_pham_0105,Tivi thông minh HXY H50B650UA,https://hathyo.com/product/2313,1,1,0,0,da_tai,200,nguon_phat_hien=sitemap
san_pham_0106,Tivi thông minh HXY H55B650UA,https://hathyo.com/product/2314,1,1,0,0,da_tai,200,nguon_phat_hien=sitemap
san_pham_0107,Tivi thông minh HXY H65B650UA,https://hathyo.com/product/2315,2,2,0,0,da_tai,200,nguon_phat_hien=sitemap
san_pham_0108,Tivi thông minh HXY H70B650UA,https://hathyo.com/product/2316,1,0,1,0,da_tai,200,nguon_phat_hien=sitemap
san_pham_0109,TP - Khung treo 32 LED TP (24-43 inch ),https://hathyo.com/product/2317,1,1,0,0,da_tai,200,nguon_phat_hien=sitemap
san_pham_0110,TP - Khung treo 42 LED TP (32-50 inch),https://hathyo.com/product/2318,1,1,0,0,da_tai,200,nguon_phat_hien=sitemap
san_pham_0111,TP - Khung treo 52 LED TP (50-65),https://hathyo.com/product/2319,1,1,0,0,da_tai,200,nguon_phat_hien=sitemap
san_pham_0112,Trà gạo lứt hoa cúc,https://hathyo.com/product/232,2,1,1,0,da_tai,200,nguon_phat_hien=sitemap
san_pham_0113,TP - Khung treo 32 cố định TP (24-43 inch ) TA,https://hathyo.com/product/2320,1,1,0,0,da_tai,200,nguon_phat_hien=sitemap
san_pham_0114,"TP - Khung treo 42 Cố Định TP (""37-65"" inch) TA",https://hathyo.com/product/2321,1,1,0,0,da_tai,200,nguon_phat_hien=sitemap
san_pham_0115,"TP - Khung treo 75 cố định TP (""50-100"" inch) TA",https://hathyo.com/product/2322,1,1,0,0,da_tai,200,nguon_phat_hien=sitemap
san_pham_0116,XỊT KHOÁN EVOLUDERM EAU PURE ( ATOMIEUR PURE WATER ) - 400 ML,https://hathyo.com/product/2328,6,5,1,0,da_tai,200,nguon_phat_hien=sitemap
san_pham_0117,TP - Khung treo 32 Led Nghiêng TP (24-43),https://hathyo.com/product/2329,1,1,0,0,da_tai,200,nguon_phat_hien=sitemap
san_pham_0118,Yến Chưng Đông Trùng Hạ Thảo,https://hathyo.com/product/233,3,3,0,0,da_tai,200,nguon_phat_hien=sitemap
san_pham_0119,TP - Khung treo 42 Led Nghiêng TP (32-50),https://hathyo.com/product/2330,1,0,1,0,da_tai,200,nguon_phat_hien=sitemap
san_pham_0120,"TP - Khung treo 52 Led nghiêng (""50-65 "" inch)",https://hathyo.com/product/2331,1,1,0,0,da_tai,200,nguon_phat_hien=sitemap
san_pham_0121,TP - Khung treo 42 Led Nghiêng TP (40-65) TA,https://hathyo.com/product/2332,1,1,0,0,da_tai,200,nguon_phat_hien=sitemap
san_pham_0122,"TP - Khung treo 32 Xoay ("" 24-42"" inch)",https://hathyo.com/product/2333,1,1,0,0,da_tai,200,nguon_phat_hien=sitemap
san_pham_0123,"TP - Khung treo 42 Xoay ("" 40-63"" inch)",https://hathyo.com/product/2334,1,1,0,0,da_tai,200,nguon_phat_hien=sitemap
san_pham_0124,TP - Kệ loa 360 độ,https://hathyo.com/product/2335,2,2,0,0,da_tai,200,nguon_phat_hien=sitemap
san_pham_0125,TP - Kệ loa 979 gật gù,https://hathyo.com/product/2336,1,1,0,0,da_tai,200,nguon_phat_hien=sitemap
san_pham_0126,TP - Chân Loa nhỏ,https://hathyo.com/product/2337,1,1,0,0,da_tai,200,nguon_phat_hien=sitemap
san_pham_0127,TP - Chân Loa lớn,https://hathyo.com/product/2338,1,1,0,0,da_tai,200,nguon_phat_hien=sitemap
san_pham_0128,CHÂN EKE MÁY LẠNH,https://hathyo.com/product/2339,1,1,0,0,da_tai,200,nguon_phat_hien=sitemap
san_pham_0129,Yến chưng đường ăn kiêng,https://hathyo.com/product/234,3,3,0,0,da_tai,200,nguon_phat_hien=sitemap
san_pham_0130,Chân lọc nước,https://hathyo.com/product/2340,1,1,0,0,da_tai,200,nguon_phat_hien=sitemap
san_pham_0131,"Chân đỡ máy giặt, tủ lạnh",https://hathyo.com/product/2341,1,0,1,0,da_tai,200,nguon_phat_hien=sitemap
san_pham_0132,Khung treo TV di động GL AVA1500-1PG (32''-75''),https://hathyo.com/product/2342,1,1,0,0,da_tai,200,nguon_phat_hien=sitemap
san_pham_0133,Khung treo TV di động GL AVA1800-1PG (55''-90''),https://hathyo.com/product/2343,1,1,0,0,da_tai,200,nguon_phat_hien=sitemap
san_pham_0134,Khung treo TV di động AVA 1500 (32''-65''),https://hathyo.com/product/2344,1,1,0,0,da_tai,200,nguon_phat_hien=sitemap
san_pham_0135,Khung treo tivi di động NB AVA1800 (55''- 90'),https://hathyo.com/product/2345,1,1,0,0,da_tai,200,nguon_phat_hien=sitemap
san_pham_0136,TN - Khung treo tivi NB-P4 (32''-55'),https://hathyo.com/product/2346,1,1,0,0,da_tai,200,nguon_phat_hien=sitemap
san_pham_0137,TN - Khung treo tivi NB-P6 (32''-55'),https://hathyo.com/product/2347,1,1,0,0,da_tai,200,nguon_phat_hien=sitemap
san_pham_0138,Khung treo cố định 32 inch 14''-43'',https://hathyo.com/product/2348,1,1,0,0,da_tai,200,nguon_phat_hien=sitemap
san_pham_0139,Khung treo cố định 32 inch 43''-55'',https://hathyo.com/product/2349,1,0,1,0,da_tai,200,nguon_phat_hien=sitemap
san_pham_0140,Yến chưng đường phèn,https://hathyo.com/product/235,3,3,0,0,da_tai,200,nguon_phat_hien=sitemap
san_pham_0141,Loa 1100W - 2 BASS 25CM,https://hathyo.com/product/2350,1,1,0,0,da_tai,200,nguon_phat_hien=sitemap
san_pham_0142,Loa 450W - 2 BASS 20CM,https://hathyo.com/product/2351,1,1,0,0,da_tai,200,nguon_phat_hien=sitemap
san_pham_0143,Loa 650W - 2 BASS 25CM,https://hathyo.com/product/2352,1,1,0,0,da_tai,200,nguon_phat_hien=sitemap
san_pham_0144,Loa 450W - 2 BASS 25CM,https://hathyo.com/product/2353,1,1,0,0,da_tai,200,nguon_phat_hien=sitemap
san_pham_0145,Loa 1200W - 2 BASS 25CM,https://hathyo.com/product/2354,1,1,0,0,da_tai,200,nguon_phat_hien=sitemap
san_pham_0146,Loa 950W - BASS 40CM (1513PRO),https://hathyo.com/product/2355,1,1,0,0,da_tai,200,nguon_phat_hien=sitemap
san_pham_0147,Loa 350W - 2 BASS 16CM,https://hathyo.com/product/2356,1,1,0,0,da_tai,200,nguon_phat_hien=sitemap
san_pham_0148,Loa 950W - BASS 40CM (1535G),https://hathyo.com/product/2357,1,1,0,0,da_tai,200,nguon_phat_hien=sitemap
san_pham_0149,Loa 1050W - BASS 40CM,https://hathyo.com/product/2358,1,1,0,0,da_tai,200,nguon_phat_hien=sitemap
san_pham_0150,Loa 880W - 2 BASS 25CM,https://hathyo.com/product/2359,1,1,0,0,da_tai,200,nguon_phat_hien=sitemap
san_pham_0151,Yến chưng For Kids,https://hathyo.com/product/236,3,3,0,0,da_tai,200,nguon_phat_hien=sitemap
san_pham_0152,Loa 1150W - 2 BASS 25CM,https://hathyo.com/product/2360,1,1,0,0,da_tai,200,nguon_phat_hien=sitemap
san_pham_0153,Loa 1300W - 2 BASS 50CM,https://hathyo.com/product/2361,1,1,0,0,da_tai,200,nguon_phat_hien=sitemap
san_pham_0154,Loa 1150W - 2 BASS 25CM,https://hathyo.com/product/2362,1,1,0,0,da_tai,200,nguon_phat_hien=sitemap
san_pham_0155,Loa 650W - 2 BASS 25CM,https://hathyo.com/product/2363,1,1,0,0,da_tai,200,nguon_phat_hien=sitemap
san_pham_0156,LLoa 450W - 2 BASS 20CM,https://hathyo.com/product/2364,1,1,0,0,da_tai,200,nguon_phat_hien=sitemap
san_pham_0157,Loa 650W - 2 BASS 25CM,https://hathyo.com/product/2365,1,1,0,0,da_tai,200,nguon_phat_hien=sitemap
san_pham_0158,Loa 350W - 2 BASS 16CM,https://hathyo.com/product/2366,1,1,0,0,da_tai,200,nguon_phat_hien=sitemap
san_pham_0159,Loa 980W - 2 BASS 25CM,https://hathyo.com/product/2367,1,1,0,0,da_tai,200,nguon_phat_hien=sitemap
san_pham_0160,Loa 1150W - 2 BASS 25CM,https://hathyo.com/product/2368,1,1,0,0,da_tai,200,nguon_phat_hien=sitemap
san_pham_0161,Loa 460W - 2 BASS 20CM,https://hathyo.com/product/2369,1,1,0,0,da_tai,200,nguon_phat_hien=sitemap
san_pham_0162,Yến tinh chế,https://hathyo.com/product/237,1,1,0,0,da_tai,200,nguon_phat_hien=sitemap
san_pham_0163,Loa 420W - 2 BASS 20CM,https://hathyo.com/product/2370,1,1,0,0,da_tai,200,nguon_phat_hien=sitemap
san_pham_0164,Loa 1250W - 2 BASS 30CM,https://hathyo.com/product/2371,1,1,0,0,da_tai,200,nguon_phat_hien=sitemap
san_pham_0165,Loa 960W - 2 BASS 25CM,https://hathyo.com/product/2372,1,1,0,0,da_tai,200,nguon_phat_hien=sitemap
san_pham_0166,Loa 600W - 2 BASS 25CM,https://hathyo.com/product/2373,1,1,0,0,da_tai,200,nguon_phat_hien=sitemap
san_pham_0167,450W - 2 BASS 20CM,https://hathyo.com/product/2374,1,1,0,0,da_tai,200,nguon_phat_hien=sitemap
san_pham_0168,Loa 450W - 2 BASS 16CM,https://hathyo.com/product/2375,1,1,0,0,da_tai,200,nguon_phat_hien=sitemap
san_pham_0169,Loa 450W - 2 BASS 20CM,https://hathyo.com/product/2376,1,1,0,0,da_tai,200,nguon_phat_hien=sitemap
san_pham_0170,Máy lọc nước RO 5 cấp tinh khiết,https://hathyo.com/product/2377,1,1,0,0,da_tai,200,nguon_phat_hien=sitemap
san_pham_0171,35OW - 2 BASS 20CM,https://hathyo.com/product/2378,1,1,0,0,da_tai,200,nguon_phat_hien=sitemap
san_pham_0172,Loa 450W-2 BASS 20CM,https://hathyo.com/product/2379,1,1,0,0,da_tai,200,nguon_phat_hien=sitemap
san_pham_0173,Yến thô,https://hathyo.com/product/238,1,1,0,0,da_tai,200,nguon_phat_hien=sitemap
san_pham_0174,Máy lọc nước RO 8 cấp tạo khoáng,https://hathyo.com/product/2380,1,1,0,0,da_tai,200,nguon_phat_hien=sitemap
san_pham_0175,Loa 35OW - 2 BASS 20CM,https://hathyo.com/product/2381,1,1,0,0,da_tai,200,nguon_phat_hien=sitemap
san_pham_0176,Máy lọc nước RO 8 cấp cao cấp tạo Hydrogen kiềm - vòi rời,https://hathyo.com/product/2382,1,1,0,0,da_tai,200,nguon_phat_hien=sitemap
san_pham_0177,Loa 390W-2 BASS 20CM,https://hathyo.com/product/2383,1,1,0,0,da_tai,200,nguon_phat_hien=sitemap
san_pham_0178,Loa 680W - 2 BASS 25CM,https://hathyo.com/product/2384,1,1,0,0,da_tai,200,nguon_phat_hien=sitemap
san_pham_0179,Loa 380W - 2 BASS 20CM,https://hathyo.com/product/2385,1,1,0,0,da_tai,200,nguon_phat_hien=sitemap
san_pham_0180,Loa 800W - 2 BASS 25CM,https://hathyo.com/product/2386,1,1,0,0,da_tai,200,nguon_phat_hien=sitemap
san_pham_0181,Loa 200W - 11 BASS 20CM,https://hathyo.com/product/2387,1,0,1,0,da_tai,200,nguon_phat_hien=sitemap
san_pham_0182,Loa 500W - 2 BASS 20CM,https://hathyo.com/product/2388,1,1,0,0,da_tai,200,nguon_phat_hien=sitemap
san_pham_0183,Loa 450W - 2 BASS 20CM,https://hathyo.com/product/2389,1,1,0,0,da_tai,200,nguon_phat_hien=sitemap
san_pham_0184,Máy lọc nước RO 8 cấp cao cấp tạo Hydrogen kiềm - vòi trên máy,https://hathyo.com/product/2390,1,1,0,0,da_tai,200,nguon_phat_hien=sitemap
san_pham_0185,Loa 450W - 2 BASS 20CM (3609PPRO ),https://hathyo.com/product/2391,1,1,0,0,da_tai,200,nguon_phat_hien=sitemap
san_pham_0186,Loa 450W - 2 BASS 20CM (S90),https://hathyo.com/product/2392,1,1,0,0,da_tai,200,nguon_phat_hien=sitemap
san_pham_0187,Loa 450W-2 BASS 20CM (S28),https://hathyo.com/product/2393,1,1,0,0,da_tai,200,nguon_phat_hien=sitemap
san_pham_0188,Máy lọc nước RO 8 cấp tạo khoáng có tủ KCL,https://hathyo.com/product/2394,1,1,0,0,da_tai,200,nguon_phat_hien=sitemap
san_pham_0189,Máy lọc nước RO 9 cấp cao cấp tạo Hydrogen kiềm,https://hathyo.com/product/2395,1,1,0,0,da_tai,200,nguon_phat_hien=sitemap
san_pham_0190,Máy lọc nước RO 9 cấp cao cấp tạo Hydrogen kiềm có tủ KCL,https://hathyo.com/product/2396,1,1,0,0,da_tai,200,nguon_phat_hien=sitemap
san_pham_0191,Pin Alkaline AA Premium - 4 Viên,https://hathyo.com/product/2397,1,1,0,0,da_tai,200,nguon_phat_hien=sitemap
san_pham_0192,Pin Alkaline AAA Premium - 4 Viên,https://hathyo.com/product/2398,1,1,0,0,da_tai,200,nguon_phat_hien=sitemap
san_pham_0193,Pin Carbon AAA - 4 Viên/L,https://hathyo.com/product/2399,1,1,0,0,da_tai,200,nguon_phat_hien=sitemap
san_pham_0194,Pin Carbon AA - 4 Viên/L,https://hathyo.com/product/2400,1,1,0,0,da_tai,200,nguon_phat_hien=sitemap
san_pham_0195,Pin cúc áo Premium-4V,https://hathyo.com/product/2401,1,1,0,0,da_tai,200,nguon_phat_hien=sitemap
san_pham_0196,Pin Carbon AAA - 2 Viên,https://hathyo.com/product/2402,1,1,0,0,da_tai,200,nguon_phat_hien=sitemap
san_pham_0197,Pin Carbon AA - 2 Viên,https://hathyo.com/product/2403,1,1,0,0,da_tai,200,nguon_phat_hien=sitemap
san_pham_0198,Máy xay đa năng công suất lớn SAMONO SW-C300 Trắng xám,https://hathyo.com/product/2404,2,2,0,0,da_tai,200,nguon_phat_hien=sitemap
san_pham_0199,Nồi lẩu điện đa năng 1.5L SAMONO SW-DG01P Xanh,https://hathyo.com/product/2405,2,2,0,0,da_tai,200,nguon_phat_hien=sitemap
san_pham_0200,Nồi điện đa năng 3L SAMONO SW-MC3L Trắng,https://hathyo.com/product/2406,2,2,0,0,da_tai,200,nguon_phat_hien=sitemap
san_pham_0201,Bếp điện từ cảm ứng thông minh SAMONO WS-02 Xám,https://hathyo.com/product/2407,2,2,0,0,da_tai,200,nguon_phat_hien=sitemap
san_pham_0202,Máy tạo bọt sữa SAMONO SW-MFB11 Đen,https://hathyo.com/product/2408,2,2,0,0,da_tai,200,nguon_phat_hien=sitemap
san_pham_0203,Bàn chải điện (gồm 4 đầu chải) SAMONO SW-ET01 Trắng,https://hathyo.com/product/2409,2,2,0,0,da_tai,200,nguon_phat_hien=sitemap
san_pham_0204,ƯU ĐÃI - Mũ bảo hiểm lỗ thông gió NÓN SƠN chính hãng ATG-TR002,https://hathyo.com/product/241,7,7,0,0,da_tai,200,nguon_phat_hien=sitemap
san_pham_0205,Cân sức khỏe thông minh (có kèm pin) SAMONO SW-BS01 Trắng,https://hathyo.com/product/2410,2,2,0,0,da_tai,200,nguon_phat_hien=sitemap
san_pham_0206,Bộ lọc nước tại vòi SAMONO SW-WPW11 Trắng,https://hathyo.com/product/2411,2,2,0,0,da_tai,200,nguon_phat_hien=sitemap
san_pham_0207,Bình đun siêu tốc 1.8L SAMONO SW-EKW18 Trắng,https://hathyo.com/product/2412,2,2,0,0,da_tai,200,nguon_phat_hien=sitemap
san_pham_0208,Bình đun siêu tốc 1.8L SAMONO SW-EKB18L Trắng Xám (Có giữ ấm),https://hathyo.com/product/2413,2,2,0,0,da_tai,200,nguon_phat_hien=sitemap
san_pham_0209,Máy xay đa năng hình vỏ trứng SAMONO SW- MC200S Trắng Xanh,https://hathyo.com/product/2414,1,1,0,0,da_tai,200,nguon_phat_hien=sitemap
san_pham_0210,Nồi nấu chậm đa năng lòng nồi 1L bằng sứ SAMONO SW-SC10 Trắng,https://hathyo.com/product/2415,2,2,0,0,da_tai,200,nguon_phat_hien=sitemap
san_pham_0211,"Bàn chải điện con hươu (phiên bản trẻ em) SAMONO SW-ET02 xanh, hồng",https://hathyo.com/product/2416,3,3,0,0,da_tai,200,nguon_phat_hien=sitemap
san_pham_0212,Máy lọc nước RO tích hợp nóng lạnh 7 cấp 2 vòi Nóng Lạnh,https://hathyo.com/product/2417,1,1,0,0,da_tai,200,nguon_phat_hien=sitemap
san_pham_0213,Nồi cơm điện tử 1L giảm đường & điều khiển bằng giọng nói SAMONO SW-RCED10 Trắng,https://hathyo.com/product/2418,2,2,0,0,da_tai,200,nguon_phat_hien=sitemap
san_pham_0214,Máy xay sinh tố cầm tay có nắp đậy 800ml SAMONO SW-Y10 Trắng,https://hathyo.com/product/2419,2,2,0,0,da_tai,200,nguon_phat_hien=sitemap
san_pham_0215,Nước giặt xả 5IN1 DRSOFTLY Hương Hoa Lavender - Hương Hoa Hồng,https://hathyo.com/product/242,2,2,0,0,da_tai,200,nguon_phat_hien=sitemap
san_pham_0216,Máy xay đa năng mini 300ml SAMONO SW- MFC200,https://hathyo.com/product/2420,2,2,0,0,da_tai,200,nguon_phat_hien=sitemap
san_pham_0217,Máy sấy tóc gấp gọn 1200W SAMONO SW- HD30,https://hathyo.com/product/2421,2,2,0,0,da_tai,200,nguon_phat_hien=sitemap
san_pham_0218,Bình đun đa năng 1.8L SAMONO SW-HP18L,https://hathyo.com/product/2422,2,2,0,0,da_tai,200,nguon_phat_hien=sitemap
san_pham_0219,"Nồi chiên không dầu dung tích 3,2L",https://hathyo.com/product/2423,2,2,0,0,da_tai,200,nguon_phat_hien=sitemap
san_pham_0220,Nồi điện đa năng 4.2L SAMONO SW-MC4L,https://hathyo.com/product/2424,2,2,0,0,da_tai,200,nguon_phat_hien=sitemap
san_pham_0221,Máy lọc nước RO tích hợp nóng lạnh 7 cấp 3 vòi Nóng Lạnh Nguội,https://hathyo.com/product/2425,1,1,0,0,da_tai,200,nguon_phat_hien=sitemap
san_pham_0222,Máy lọc nước RO tích hợp nóng lạnh 8 cấp 2 vòi 3 chức năng Nóng Lạnh Nguội,https://hathyo.com/product/2426,1,1,0,0,da_tai,200,nguon_phat_hien=sitemap
san_pham_0223,Máy xay thực phẩm đa năng 600ml SAMONO SW-MFC600,https://hathyo.com/product/2427,2,2,0,0,da_tai,200,nguon_phat_hien=sitemap
san_pham_0224,Nồi nấu chậm đa năng 0.8L SAMONO SW- SC08B,https://hathyo.com/product/2428,1,1,0,0,da_tai,200,nguon_phat_hien=sitemap
san_pham_0225,Máy xay thực phẩm đa năng 600ml SAMONO SW-CD200,https://hathyo.com/product/2429,1,1,0,0,da_tai,200,nguon_phat_hien=sitemap
san_pham_0226,Kem chống nắng nâng tone NUTRI QUEST,https://hathyo.com/product/243,5,5,0,0,da_tai,200,nguon_phat_hien=sitemap
san_pham_0227,Nồi nấu chậm đa năng 3.2L SAMONO SW- SC30,https://hathyo.com/product/2430,1,1,0,0,da_tai,200,nguon_phat_hien=sitemap
san_pham_0228,Nồi điện đa năng 3L (500W & 1000W) SAMONO SW-DG06,https://hathyo.com/product/2431,2,2,0,0,da_tai,200,nguon_phat_hien=sitemap
san_pham_0229,Máy xay thực phẩm đa năng 300W 4 cối xay (1.2L+150ml*3) SAMONO SW-MFC300,https://hathyo.com/product/2432,2,2,0,0,da_tai,200,nguon_phat_hien=sitemap
san_pham_0230,Máy ép chậm SAMONO SW-JCS40,https://hathyo.com/product/2433,2,2,0,0,da_tai,200,nguon_phat_hien=sitemap
san_pham_0231,Máy lọc nước RO tích hợp nóng 8 cấp 2 vòi Nóng - Nguội,https://hathyo.com/product/2435,1,1,0,0,da_tai,200,nguon_phat_hien=sitemap
san_pham_0232,Cây nóng lạnh úp bình chạy Block,https://hathyo.com/product/2436,1,1,0,0,da_tai,200,nguon_phat_hien=sitemap
san_pham_0233,Lọc tổng dành cho chung cư 3 ly lọc Bigflow 10inch khung inox,https://hathyo.com/product/2437,1,1,0,0,da_tai,200,nguon_phat_hien=sitemap
san_pham_0234,Lọc tổng dành cho chung cư 2 ly lọc Bigflow 10inch,https://hathyo.com/product/2438,1,1,0,0,da_tai,200,nguon_phat_hien=sitemap
san_pham_0235,Lọc tổng dành cho chung cư/nhà phố 2 ly lọc Bigflow 20 inch khung inox,https://hathyo.com/product/2439,1,1,0,0,da_tai,200,nguon_phat_hien=sitemap
san_pham_0236,"Combo 2 Hộp Cà Phê Hòa Tan Laura Coffee Nhật Kim Anh (2 Vị Đông Trùng + Nấm Linh Chi, Hộp 10 Gói)",https://hathyo.com/product/244,4,4,0,0,da_tai,200,nguon_phat_hien=sitemap
san_pham_0237,Lọc tổng dành cho chung cư/nhà phố 3 ly lọc Bigflow 20 inch khung inox,https://hathyo.com/product/2440,1,1,0,0,da_tai,200,nguon_phat_hien=sitemap
san_pham_0238,Hệ lọc 2 cột composite 1054 dùng cho nước máy,https://hathyo.com/product/2441,1,1,0,0,da_tai,200,nguon_phat_hien=sitemap
san_pham_0239,Hệ lọc 2 cột composite 1054 dùng cho nước giếng (phèn < 2mg/l),https://hathyo.com/product/2442,1,1,0,0,da_tai,200,nguon_phat_hien=sitemap
san_pham_0240,Hệ lọc 3 cột composite 1054 dùng cho nước giếng nhiễm phèn vôi,https://hathyo.com/product/2443,1,1,0,0,da_tai,200,nguon_phat_hien=sitemap
san_pham_0241,Hệ lọc 2 cột INOX 1054 dùng cho nước máy,https://hathyo.com/product/2444,1,1,0,0,da_tai,200,nguon_phat_hien=sitemap
san_pham_0242,HỖN HỢP DINH DƯỠNG METABO,https://hathyo.com/product/2445,4,4,0,0,da_tai,200,nguon_phat_hien=sitemap
san_pham_0243,Hệ thống lưu trữ năng lượng di động Model: JY- 911-SP200-6A (Kèm tấm pin 15W),https://hathyo.com/product/2446,2,2,0,0,da_tai,200,nguon_phat_hien=sitemap
san_pham_0244,Hệ thống lưu trữ năng lượng di động Model No.JY- 911-SP200-15A (kèm tấm pin 30W),https://hathyo.com/product/2447,2,1,1,0,da_tai,200,nguon_phat_hien=sitemap
san_pham_0245,TRÀ MÓC CÂU,https://hathyo.com/product/2448,3,3,0,0,da_tai,200,nguon_phat_hien=sitemap
san_pham_0246,GEL TẮM THIÊN NHIÊN THUẦN CHAY TINH CHẤT HOA SỨ,https://hathyo.com/product/2449,7,7,0,0,da_tai,200,nguon_phat_hien=sitemap
san_pham_0247,[Combo 4 Hộp] - Cà phê Laura Nhật Kim Anh 2 đông trùng + 2 linh chi,https://hathyo.com/product/245,4,0,4,0,da_tai,200,nguon_phat_hien=sitemap
san_pham_0248,GEL TẮM THIÊN NHIÊN THUẦN CHAY EVOLUDERM TINH CHẤT BƠ HẠT MỠ - 500 ML,https://hathyo.com/product/2450,8,8,0,0,da_tai,200,nguon_phat_hien=sitemap
san_pham_0249,GEL RỬA MẶT VITAMIN C THIÊN NHIÊN THUẦN CHAY EVOLUDERM CHO DA TRẮNG SÁNG - 500ML,https://hathyo.com/product/2451,4,4,0,0,da_tai,200,nguon_phat_hien=sitemap
san_pham_0250,Hệ thống lưu trữ năng lượng di động Model No.: JY- 911-SP400-15A (kèm tấm pin mặt trời 30W),https://hathyo.com/product/2456,2,2,0,0,da_tai,200,nguon_phat_hien=sitemap
san_pham_0251,Hệ thống lưu trữ năng lượng di động Model No.: JY- 905-C800 (Tấm pin 100W),https://hathyo.com/product/2457,1,1,0,0,da_tai,200,nguon_phat_hien=sitemap
san_pham_0252,Hệ thống lưu trữ năng lượng di động Model No.: JY- 905-1000W (Tấm pin 150W),https://hathyo.com/product/2458,1,1,0,0,da_tai,200,nguon_phat_hien=sitemap
san_pham_0253,Hệ thống lưu trữ năng lượng di động Model No.: JY- 905-1500W (Tấm pin 200W),https://hathyo.com/product/2459,1,1,0,0,da_tai,200,nguon_phat_hien=sitemap
san_pham_0254,Kem Chống Nắng Vitamin Tone-Up Sun Cream JHK Queen,https://hathyo.com/product/246,3,2,1,0,da_tai,200,nguon_phat_hien=sitemap
san_pham_0255,GEL TẮM THIÊN NHIÊN THUẦN CHAY EVOLUDERM TINH CHẤT HẠNH NHÂN - 500ML,https://hathyo.com/product/2460,6,6,0,0,da_tai,200,nguon_phat_hien=sitemap
san_pham_0256,GEL TẮM THIÊN NHIÊN THUẦN CHAY EVOLUDERM TINH CHẤT ARGAN 500ML,https://hathyo.com/product/2461,9,9,0,0,da_tai,200,nguon_phat_hien=sitemap
san_pham_0257,"GEL TẮM THIÊN NHIÊN THUẦN CHAY EVOLUDERM TINH CHẤT DỪA, TRÀ XANH EVOLUDERM - 500ML",https://hathyo.com/product/2462,9,9,0,0,da_tai,200,nguon_phat_hien=sitemap
san_pham_0258,GEL TẮM THIÊN NHIÊN THUẦN CHAY EVOLUDERM TINH CHẤT NHA ĐAM - 500ML,https://hathyo.com/product/2463,9,9,0,0,da_tai,200,nguon_phat_hien=sitemap
san_pham_0259,GEL TẮM THIÊN NHIÊN THUẦN CHAY EVOLUDERM TINH CHẤT HOA BLOSSOM - 500ML,https://hathyo.com/product/2464,9,9,0,0,da_tai,200,nguon_phat_hien=sitemap
san_pham_0260,GEL TẮM THIÊN NHIÊN THUẦN CHAY EVOLUDERM TINH CHẤT LAVENDER - 500ML,https://hathyo.com/product/2465,9,9,0,0,da_tai,200,nguon_phat_hien=sitemap
san_pham_0261,SỮA TẮM GỘI THIÊN NHIÊN THUẦN CHAY EVOLUDERM DỊU NHẸ CHO BÉ - 500ML,https://hathyo.com/product/2466,7,7,0,0,da_tai,200,nguon_phat_hien=sitemap
san_pham_0262,THỰC PHẨM BỔ SUNG DINH DƯỠNG HT GOLD NUTRI PLUS +,https://hathyo.com/product/2467,5,3,0,2,da_tai_co_ngoai_le,200,nguon_phat_hien=sitemap
san_pham_0263,GEL RỬA MẶT THIÊN NHIÊN THUẦN CHAY EVOLUDERM CHO DA DẦU MỤN - 250ML,https://hathyo.com/product/2468,9,9,0,0,da_tai,200,nguon_phat_hien=sitemap
san_pham_0264,"SỮA RỬA MẶT, MẶT NẠ 2 IN 1 THIÊN NHIÊN THUẦN CHAY EVOLUDERM CHO DA DẦU MỤN - 150ML",https://hathyo.com/product/2469,9,9,0,0,da_tai,200,nguon_phat_hien=sitemap
san_pham_0265,"Sữa Rửa Mặt Trà Xanh JHK - QUEEN Kiểm Soát Nhờn ( Dành Cho Da Dầu, Da Mụn, Da Nhạy Cảm)",https://hathyo.com/product/247,5,5,0,0,da_tai,200,nguon_phat_hien=sitemap
san_pham_0266,NƯỚC HOA NỮ MISS KAY. EAU DE PARFUM BOHO VIBES,https://hathyo.com/product/2470,1,1,0,0,da_tai,200,nguon_phat_hien=sitemap
san_pham_0267,NƯỚC HOA NỮ MISS KAY. EAU DE PARFUM URBAN LOVE,https://hathyo.com/product/2471,1,1,0,0,da_tai,200,nguon_phat_hien=sitemap
san_pham_0268,NƯỚC HOA NỮ MISS KAY. EAU DE PARFUM POOL PARTY,https://hathyo.com/product/2472,1,1,0,0,da_tai,200,nguon_phat_hien=sitemap
san_pham_0269,NƯỚC HOA NỮ MISS KAY. EAU DE PARFUM FIRST LOVE,https://hathyo.com/product/2473,1,1,0,0,da_tai,200,nguon_phat_hien=sitemap
san_pham_0270,NƯỚC HOA NỮ MISS KAY. EAU DE PARFUM SOFT CUDDLE,https://hathyo.com/product/2474,1,1,0,0,da_tai,200,nguon_phat_hien=sitemap
san_pham_0271,NƯỚC HOA NỮ MISS KAY. EAU DE PARFUM DAYDREAMER,https://hathyo.com/product/2475,1,1,0,0,da_tai,200,nguon_phat_hien=sitemap
san_pham_0272,NƯỚC HOA NỮ MISS KAY. EAU DE PARFUM WILDFLOWER,https://hathyo.com/product/2476,1,1,0,0,da_tai,200,nguon_phat_hien=sitemap
san_pham_0273,NƯỚC HOA NỮ MISS KAY. EAU DE PARFUM ALOHA BEACHES,https://hathyo.com/product/2477,1,1,0,0,da_tai,200,nguon_phat_hien=sitemap
san_pham_0274,NƯỚC HOA NỮ MISS KAY. EAU DE PARFUM BLUE ISLANDS,https://hathyo.com/product/2478,1,1,0,0,da_tai,200,nguon_phat_hien=sitemap
san_pham_0275,NƯỚC HOA UNISEX MISS KAY. EAU DE PARFUM SEEING DOUBLE,https://hathyo.com/product/2479,3,3,0,0,da_tai,200,nguon_phat_hien=sitemap
san_pham_0276,"Sữa Rửa Mặt JHK - QUEEN Gạo Lứt Dịu Nhẹ, Sạch Sâu, Sáng Da",https://hathyo.com/product/248,4,4,0,0,da_tai,200,nguon_phat_hien=sitemap
san_pham_0277,TRÀ TÔM NÕN 2,https://hathyo.com/product/2480,7,6,1,0,da_tai,200,nguon_phat_hien=sitemap
san_pham_0278,Gạo ST Vuông Tôm,https://hathyo.com/product/2481,2,2,0,0,da_tai,200,nguon_phat_hien=sitemap
san_pham_0279,Gạo Lài Nhật (Japonica),https://hathyo.com/product/2482,2,2,0,0,da_tai,200,nguon_phat_hien=sitemap
san_pham_0280,Gạo thơm Đoàn Kết,https://hathyo.com/product/2483,2,2,0,0,da_tai,200,nguon_phat_hien=sitemap
san_pham_0281,"Sữa Rửa Mặt JHK - QUEEN Trắng Sáng,Trẻ Hóa, Dưỡng Ẩm",https://hathyo.com/product/249,5,3,2,0,da_tai,200,nguon_phat_hien=sitemap
san_pham_0282,Son TINT Lâu Trôi Cover Queen Dưỡng Mềm Mịn Môi,https://hathyo.com/product/250,4,4,0,0,da_tai,200,nguon_phat_hien=sitemap
san_pham_0283,"Bông tẩy trang Miju chính hãng, 100% cotton tự nhiên",https://hathyo.com/product/251,6,6,0,0,da_tai,200,nguon_phat_hien=sitemap
san_pham_0284,PHẤN NƯỚC BB CUSHION EMBISU PROFESSIONAL,https://hathyo.com/product/252,4,4,0,0,da_tai,200,nguon_phat_hien=sitemap
san_pham_0285,Kem chống nắng nâng tông kiềm dầu Embisu,https://hathyo.com/product/253,5,5,0,0,da_tai,200,nguon_phat_hien=sitemap
san_pham_0286,"KEM BODY DƯỠNG TRẮNG, MỊN DA, GIỮ ẨM TOPSYNE",https://hathyo.com/product/254,4,4,0,0,da_tai,200,nguon_phat_hien=sitemap
san_pham_0287,Kem Dưỡng Thể Trắng Da Toàn Thân Sữa Gạo Cosy White,https://hathyo.com/product/255,3,3,0,0,da_tai,200,nguon_phat_hien=sitemap
san_pham_0288,Kem đánh răng Trầu Cau Vạn Xuân,https://hathyo.com/product/256,5,5,0,0,da_tai,200,nguon_phat_hien=sitemap
san_pham_0289,Kem massage cao gừng Thiên Nhiên Việt,https://hathyo.com/product/257,5,5,0,0,da_tai,200,nguon_phat_hien=sitemap
san_pham_0290,KEM DƯỠNG TRẮNG B5 HATAGOLD,https://hathyo.com/product/258,4,4,0,0,da_tai,200,nguon_phat_hien=sitemap
san_pham_0291,Nụ khuynh diệp,https://hathyo.com/product/259,2,2,0,0,da_tai,200,nguon_phat_hien=sitemap
san_pham_0292,Nụ Ngãi cứu,https://hathyo.com/product/260,1,1,0,0,da_tai,200,nguon_phat_hien=sitemap
san_pham_0293,Nụ thảo mộc,https://hathyo.com/product/261,5,5,0,0,da_tai,200,nguon_phat_hien=sitemap
san_pham_0294,Trầm nụ,https://hathyo.com/product/271,2,2,0,0,da_tai,200,nguon_phat_hien=sitemap
san_pham_0295,Tranh giấy,https://hathyo.com/product/275,9,9,0,0,da_tai,200,nguon_phat_hien=sitemap
san_pham_0296,Tranh gạo,https://hathyo.com/product/279,6,6,0,0,da_tai,200,nguon_phat_hien=sitemap
san_pham_0297,Nhang sả,https://hathyo.com/product/280,1,1,0,0,da_tai,200,nguon_phat_hien=sitemap
san_pham_0298,Nhang ngải cứu,https://hathyo.com/product/281,1,1,0,0,da_tai,200,nguon_phat_hien=sitemap
san_pham_0299,Nhang gừng,https://hathyo.com/product/282,1,1,0,0,da_tai,200,nguon_phat_hien=sitemap
san_pham_0300,Nhang bài,https://hathyo.com/product/283,1,1,0,0,da_tai,200,nguon_phat_hien=sitemap
san_pham_0301,Tinh dầu tràm,https://hathyo.com/product/284,1,1,0,0,da_tai,200,nguon_phat_hien=sitemap
san_pham_0302,Dầu dừa,https://hathyo.com/product/285,1,1,0,0,da_tai,200,nguon_phat_hien=sitemap
san_pham_0303,Tinh dầu bưởi,https://hathyo.com/product/286,1,0,1,0,da_tai,200,nguon_phat_hien=sitemap
san_pham_0304,Tinh dầu sả chanh,https://hathyo.com/product/287,1,0,1,0,da_tai,200,nguon_phat_hien=sitemap
