crop_id,split,class_id,class_name,source_image,object_index,bbox_area_ratio,crop_width,crop_height,crop_path
1,train,0,haccp,anh_000020.jpg,1,0.022504939488,126,135,data\logo_classifier_raw\train\haccp\train_haccp_00001_anh_000020_obj1.jpg
2,train,5,khac,anh_000029.jpg,1,0.019229593947999998,251,223,data\logo_classifier_raw\train\khac\train_khac_00002_anh_000029_obj1.jpg
3,train,5,khac,anh_000030.jpg,1,0.019229593947999998,251,223,data\logo_classifier_raw\train\khac\train_khac_00003_anh_000030_obj1.jpg
4,train,5,khac,anh_000031.jpg,1,0.019229593947999998,251,223,data\logo_classifier_raw\train\khac\train_khac_00004_anh_000031_obj1.jpg
5,train,5,khac,anh_000032.jpg,1,0.019229593947999998,251,223,data\logo_classifier_raw\train\khac\train_khac_00005_anh_000032_obj1.jpg
6,train,5,khac,anh_000033.jpg,1,0.019229593947999998,251,223,data\logo_classifier_raw\train\khac\train_khac_00006_anh_000033_obj1.jpg
7,train,5,khac,anh_000034.jpg,1,0.019229593947999998,251,223,data\logo_classifier_raw\train\khac\train_khac_00007_anh_000034_obj1.jpg
8,train,1,fda,anh_000048.jpg,1,0.015606999296,264,173,data\logo_classifier_raw\train\fda\train_fda_00008_anh_000048_obj1.jpg
9,train,5,khac,anh_000049.jpg,1,0.019245099999999998,251,223,data\logo_classifier_raw\train\khac\train_khac_00009_anh_000049_obj1.jpg
10,train,5,khac,anh_000050.jpg,1,0.019245099999999998,251,223,data\logo_classifier_raw\train\khac\train_khac_00010_anh_000050_obj1.jpg
11,train,5,khac,anh_000051.jpg,1,0.019245099999999998,251,223,data\logo_classifier_raw\train\khac\train_khac_00011_anh_000051_obj1.jpg
12,train,5,khac,anh_000052.jpg,1,0.010851891314999999,222,143,data\logo_classifier_raw\train\khac\train_khac_00012_anh_000052_obj1.jpg
13,train,5,khac,anh_000059.jpg,1,0.019245099999999998,251,223,data\logo_classifier_raw\train\khac\train_khac_00013_anh_000059_obj1.jpg
14,train,5,khac,anh_000060.jpg,1,0.019245099999999998,251,223,data\logo_classifier_raw\train\khac\train_khac_00014_anh_000060_obj1.jpg
15,train,5,khac,anh_000061.jpg,1,0.019245099999999998,251,223,data\logo_classifier_raw\train\khac\train_khac_00015_anh_000061_obj1.jpg
16,train,5,khac,anh_000062.jpg,1,0.019245099999999998,251,223,data\logo_classifier_raw\train\khac\train_khac_00016_anh_000062_obj1.jpg
17,train,5,khac,anh_000063.jpg,1,0.019245099999999998,251,223,data\logo_classifier_raw\train\khac\train_khac_00017_anh_000063_obj1.jpg
18,train,5,khac,anh_000064.jpg,1,0.019245099999999998,251,223,data\logo_classifier_raw\train\khac\train_khac_00018_anh_000064_obj1.jpg
19,train,5,khac,anh_000078.jpg,1,0.0299679,217,222,data\logo_classifier_raw\train\khac\train_khac_00019_anh_000078_obj1.jpg
20,train,5,khac,anh_000079.jpg,1,0.030035660577999997,377,406,data\logo_classifier_raw\train\khac\train_khac_00020_anh_000079_obj1.jpg
21,train,4,ocop,anh_000085.jpg,1,0.002927926116,214,206,data\logo_classifier_raw\train\ocop\train_ocop_00021_anh_000085_obj1.jpg
22,train,4,ocop,anh_000088.jpg,1,0.006384660732000001,401,352,data\logo_classifier_raw\train\ocop\train_ocop_00022_anh_000088_obj1.jpg
23,train,4,ocop,anh_000089.jpg,1,0.056984853222,546,305,data\logo_classifier_raw\train\ocop\train_ocop_00023_anh_000089_obj1.jpg
24,train,5,khac,anh_000090.jpg,1,0.030002800000000003,506,611,data\logo_classifier_raw\train\khac\train_khac_00024_anh_000090_obj1.jpg
25,train,5,khac,anh_000095.jpg,1,0.0299669587,533,610,data\logo_classifier_raw\train\khac\train_khac_00025_anh_000095_obj1.jpg
26,train,4,ocop,anh_000097.jpg,1,0.005955935897000001,393,323,data\logo_classifier_raw\train\ocop\train_ocop_00026_anh_000097_obj1.jpg
27,train,4,ocop,anh_000098.jpg,1,0.004875962944,334,289,data\logo_classifier_raw\train\ocop\train_ocop_00027_anh_000098_obj1.jpg
28,train,4,ocop,anh_000099.jpg,1,0.004563924818,61,58,data\logo_classifier_raw\train\ocop\train_ocop_00028_anh_000099_obj1.jpg
29,train,5,khac,anh_000100.jpg,1,0.030030684167999998,219,223,data\logo_classifier_raw\train\khac\train_khac_00029_anh_000100_obj1.jpg
30,train,4,ocop,anh_000101.jpg,1,0.0599409,470,250,data\logo_classifier_raw\train\ocop\train_ocop_00030_anh_000101_obj1.jpg
31,train,4,ocop,anh_000109.jpg,1,0.001936322168,163,104,data\logo_classifier_raw\train\ocop\train_ocop_00031_anh_000109_obj1.jpg
32,train,4,ocop,anh_000111.jpg,1,0.0044976003200000005,331,264,data\logo_classifier_raw\train\ocop\train_ocop_00032_anh_000111_obj1.jpg
33,train,4,ocop,anh_000112.jpg,1,0.003298721532,261,190,data\logo_classifier_raw\train\ocop\train_ocop_00033_anh_000112_obj1.jpg
34,train,4,ocop,anh_000113.jpg,1,0.060037200000000006,714,375,data\logo_classifier_raw\train\ocop\train_ocop_00034_anh_000113_obj1.jpg
35,train,5,khac,anh_000114.jpg,1,0.03,222,222,data\logo_classifier_raw\train\khac\train_khac_00035_anh_000114_obj1.jpg
36,train,5,khac,anh_000115.jpg,1,0.03,222,222,data\logo_classifier_raw\train\khac\train_khac_00036_anh_000115_obj1.jpg
37,train,4,ocop,anh_000130.jpg,1,0.0036066030090000003,286,190,data\logo_classifier_raw\train\ocop\train_ocop_00037_anh_000130_obj1.jpg
38,train,4,ocop,anh_000131.jpg,1,0.004501482109,357,286,data\logo_classifier_raw\train\ocop\train_ocop_00038_anh_000131_obj1.jpg
39,train,4,ocop,anh_000132.jpg,1,0.0600369,754,401,data\logo_classifier_raw\train\ocop\train_ocop_00039_anh_000132_obj1.jpg
40,train,4,ocop,anh_000139.jpg,1,0.007585548706,113,96,data\logo_classifier_raw\train\ocop\train_ocop_00040_anh_000139_obj1.jpg
41,train,1,fda,anh_000155.jpg,1,0.0029410520440000002,126,139,data\logo_classifier_raw\train\fda\train_fda_00041_anh_000155_obj1.jpg
42,train,2,gmp,anh_000155.jpg,2,0.0024508302279999997,104,139,data\logo_classifier_raw\train\gmp\train_gmp_00042_anh_000155_obj2.jpg
43,train,5,khac,anh_000157.jpg,1,0.01126,179,184,data\logo_classifier_raw\train\khac\train_khac_00043_anh_000157_obj1.jpg
44,train,5,khac,anh_000158.jpg,1,0.00452793275,130,102,data\logo_classifier_raw\train\khac\train_khac_00044_anh_000158_obj1.jpg
45,train,4,ocop,anh_000223.jpg,1,0.00599407736,175,141,data\logo_classifier_raw\train\ocop\train_ocop_00045_anh_000223_obj1.jpg
46,train,4,ocop,anh_000224.jpg,1,0.009781108892,313,207,data\logo_classifier_raw\train\ocop\train_ocop_00046_anh_000224_obj1.jpg
47,train,0,haccp,anh_000230.jpg,1,0.013275506154000001,317,281,data\logo_classifier_raw\train\haccp\train_haccp_00047_anh_000230_obj1.jpg
48,train,4,ocop,anh_000245.jpg,1,0.05996080000000001,698,357,data\logo_classifier_raw\train\ocop\train_ocop_00048_anh_000245_obj1.jpg
49,train,2,gmp,anh_000274.jpg,1,0.0029741879040000004,43,54,data\logo_classifier_raw\train\gmp\train_gmp_00049_anh_000274_obj1.jpg
50,train,5,khac,anh_000274.jpg,2,0.0037973338209999997,47,61,data\logo_classifier_raw\train\khac\train_khac_00050_anh_000274_obj2.jpg
51,train,5,khac,anh_000275.jpg,1,0.005990847156000001,72,55,data\logo_classifier_raw\train\khac\train_khac_00051_anh_000275_obj1.jpg
52,train,5,khac,anh_000278.jpg,1,0.005967318687999999,125,106,data\logo_classifier_raw\train\khac\train_khac_00052_anh_000278_obj1.jpg
53,train,3,iso_22000,anh_000280.jpg,1,0.018524035782,439,237,data\logo_classifier_raw\train\iso_22000\train_iso_22000_00053_anh_000280_obj1.jpg
54,train,3,iso_22000,anh_000287.jpg,1,0.01936223289,505,82,data\logo_classifier_raw\train\iso_22000\train_iso_22000_00054_anh_000287_obj1.jpg
55,train,5,khac,anh_000288.jpg,1,0.04393593,328,285,data\logo_classifier_raw\train\khac\train_khac_00055_anh_000288_obj1.jpg
56,train,5,khac,anh_000288.jpg,2,0.018865357823999996,189,212,data\logo_classifier_raw\train\khac\train_khac_00056_anh_000288_obj2.jpg
57,train,4,ocop,anh_000293.jpg,1,0.01793298064,218,174,data\logo_classifier_raw\train\ocop\train_ocop_00057_anh_000293_obj1.jpg
58,train,4,ocop,anh_000293.jpg,2,0.004197096575,102,87,data\logo_classifier_raw\train\ocop\train_ocop_00058_anh_000293_obj2.jpg
59,train,4,ocop,anh_000307.jpg,1,0.012144304128,197,131,data\logo_classifier_raw\train\ocop\train_ocop_00059_anh_000307_obj1.jpg
60,train,4,ocop,anh_000307.jpg,2,0.004769468705,116,87,data\logo_classifier_raw\train\ocop\train_ocop_00060_anh_000307_obj2.jpg
61,train,5,khac,anh_000352.jpg,1,0.003210767772,38,54,data\logo_classifier_raw\train\khac\train_khac_00061_anh_000352_obj1.jpg
62,train,5,khac,anh_000356.jpg,1,0.003216781152,67,97,data\logo_classifier_raw\train\khac\train_khac_00062_anh_000356_obj1.jpg
63,train,2,gmp,anh_000375.jpg,1,0.002523957121,73,73,data\logo_classifier_raw\train\gmp\train_gmp_00063_anh_000375_obj1.jpg
64,train,5,khac,anh_000423.jpg,1,0.011990534544,136,89,data\logo_classifier_raw\train\khac\train_khac_00064_anh_000423_obj1.jpg
65,train,5,khac,anh_000424.jpg,1,0.011685724092000001,133,89,data\logo_classifier_raw\train\khac\train_khac_00065_anh_000424_obj1.jpg
66,train,5,khac,anh_000437.jpg,1,0.011990534544,136,89,data\logo_classifier_raw\train\khac\train_khac_00066_anh_000437_obj1.jpg
67,train,5,khac,anh_000438.jpg,1,0.011685724092000001,133,89,data\logo_classifier_raw\train\khac\train_khac_00067_anh_000438_obj1.jpg
68,train,5,khac,anh_000450.jpg,1,0.0120312,222,89,data\logo_classifier_raw\train\khac\train_khac_00068_anh_000450_obj1.jpg
69,train,5,khac,anh_000451.jpg,1,0.011685724092000001,133,89,data\logo_classifier_raw\train\khac\train_khac_00069_anh_000451_obj1.jpg
70,train,5,khac,anh_000463.jpg,1,0.011990534544,136,89,data\logo_classifier_raw\train\khac\train_khac_00070_anh_000463_obj1.jpg
71,train,5,khac,anh_000464.jpg,1,0.011685724092000001,133,89,data\logo_classifier_raw\train\khac\train_khac_00071_anh_000464_obj1.jpg
72,val,0,haccp,anh_000005.jpg,1,0.028758722668999998,121,110,data\logo_classifier_raw\val\haccp\val_haccp_00072_anh_000005_obj1.jpg
73,val,0,haccp,anh_000009.jpg,1,0.023921623615999997,208,233,data\logo_classifier_raw\val\haccp\val_haccp_00073_anh_000009_obj1.jpg
74,val,5,khac,anh_000038.jpg,1,0.010851891314999999,222,143,data\logo_classifier_raw\val\khac\val_khac_00074_anh_000038_obj1.jpg
75,val,5,khac,anh_000039.jpg,1,0.010851891314999999,222,143,data\logo_classifier_raw\val\khac\val_khac_00075_anh_000039_obj1.jpg
76,val,4,ocop,anh_000118.jpg,1,0.0598804039,676,353,data\logo_classifier_raw\val\ocop\val_ocop_00076_anh_000118_obj1.jpg
77,val,5,khac,anh_000133.jpg,1,0.0069008366699999995,126,77,data\logo_classifier_raw\val\khac\val_khac_00077_anh_000133_obj1.jpg
78,val,4,ocop,anh_000136.jpg,1,0.059918773146,569,305,data\logo_classifier_raw\val\ocop\val_ocop_00078_anh_000136_obj1.jpg
79,val,5,khac,anh_000199.jpg,1,0.00431963575,130,98,data\logo_classifier_raw\val\khac\val_khac_00079_anh_000199_obj1.jpg
80,val,5,khac,anh_000200.jpg,1,0.00431963575,130,98,data\logo_classifier_raw\val\khac\val_khac_00080_anh_000200_obj1.jpg
81,val,5,khac,anh_000201.jpg,1,0.00431963575,130,98,data\logo_classifier_raw\val\khac\val_khac_00081_anh_000201_obj1.jpg
82,val,5,khac,anh_000202.jpg,1,0.00431963575,130,98,data\logo_classifier_raw\val\khac\val_khac_00082_anh_000202_obj1.jpg
83,val,5,khac,anh_000371.jpg,1,0.0032366234159999997,68,97,data\logo_classifier_raw\val\khac\val_khac_00083_anh_000371_obj1.jpg
84,val,4,ocop,anh_000737.jpg,1,0.00454519,452,274,data\logo_classifier_raw\val\ocop\val_ocop_00084_anh_000737_obj1.jpg
85,val,4,ocop,anh_000738.jpg,1,0.014025000000000001,191,99,data\logo_classifier_raw\val\ocop\val_ocop_00085_anh_000738_obj1.jpg
86,val,5,khac,anh_000784.jpg,1,0.005200000000000001,92,75,data\logo_classifier_raw\val\khac\val_khac_00086_anh_000784_obj1.jpg
87,test,0,haccp,anh_000017.jpg,1,0.025537264884000002,103,110,data\logo_classifier_raw\test\haccp\test_haccp_00087_anh_000017_obj1.jpg
88,test,5,khac,anh_000043.jpg,1,0.01084313069,222,143,data\logo_classifier_raw\test\khac\test_khac_00088_anh_000043_obj1.jpg
89,test,5,khac,anh_000044.jpg,1,0.01084313069,222,143,data\logo_classifier_raw\test\khac\test_khac_00089_anh_000044_obj1.jpg
90,test,5,khac,anh_000055.png,1,0.01091253444,115,72,data\logo_classifier_raw\test\khac\test_khac_00090_anh_000055_obj1.jpg
91,test,4,ocop,anh_000119.jpg,1,0.043541699999999996,243,126,data\logo_classifier_raw\test\ocop\test_ocop_00091_anh_000119_obj1.jpg
92,test,4,ocop,anh_000121.jpg,1,0.004795736532,159,118,data\logo_classifier_raw\test\ocop\test_ocop_00092_anh_000121_obj1.jpg
93,test,4,ocop,anh_000123.jpg,1,0.059917574281999994,545,305,data\logo_classifier_raw\test\ocop\test_ocop_00093_anh_000123_obj1.jpg
94,test,3,iso_22000,anh_000189.png,1,0.038000000000000006,264,278,data\logo_classifier_raw\test\iso_22000\test_iso_22000_00094_anh_000189_obj1.jpg
95,test,2,gmp,anh_000189.png,2,0.036,250,278,data\logo_classifier_raw\test\gmp\test_gmp_00095_anh_000189_obj2.jpg
96,test,5,khac,anh_000191.jpg,1,0.00431963575,130,98,data\logo_classifier_raw\test\khac\test_khac_00096_anh_000191_obj1.jpg
97,test,5,khac,anh_000192.jpg,1,0.00431963575,130,98,data\logo_classifier_raw\test\khac\test_khac_00097_anh_000192_obj1.jpg
98,test,5,khac,anh_000193.jpg,1,0.00431963575,130,98,data\logo_classifier_raw\test\khac\test_khac_00098_anh_000193_obj1.jpg
99,test,4,ocop,anh_000289.jpg,1,0.00474515,188,148,data\logo_classifier_raw\test\ocop\test_ocop_00099_anh_000289_obj1.jpg
100,test,4,ocop,anh_000289.jpg,2,0.00451085,178,148,data\logo_classifier_raw\test\ocop\test_ocop_00100_anh_000289_obj2.jpg
101,test,4,ocop,anh_000289.jpg,3,0.004420450124,159,163,data\logo_classifier_raw\test\ocop\test_ocop_00101_anh_000289_obj3.jpg
102,test,4,ocop,anh_000303.jpg,1,0.015971926528,212,160,data\logo_classifier_raw\test\ocop\test_ocop_00102_anh_000303_obj1.jpg
103,test,4,ocop,anh_000303.jpg,2,0.004769468705,116,87,data\logo_classifier_raw\test\ocop\test_ocop_00103_anh_000303_obj2.jpg
